Name,ID,use
Mss_003357_0944_pag-811[843],0944,train
Mss_003357_0945_pag-812[844],0945,train
Mss_003357_0946_pag-813[845],0946,train
Mss_003357_0947_pag-814[846],0947,train
Mss_003357_0948_pag-815[847],0948,train
Mss_003357_0956_pag-823[855],0956,train
Mss_003357_0957_pag-824[856],0957,train
Mss_003357_0958_pag-825[857],0958,train
Mss_003357_0959_pag-826[858],0959,train
Mss_003357_0960_pag-827[859],0960,train
Mss_003357_0961_pag-828[860],0961,train
Mss_003357_0962_pag-829[861],0962,train
Mss_003357_0963_pag-830[862],0963,train
Mss_003357_0964_pag-831[863],0964,train
Mss_003357_0965_pag-832[864],0965,train
Mss_003357_0966_pag-833[865],0966,train
Mss_003357_0967_pag-834[866],0967,train
Mss_003357_0158_pag-053[057],0158,train
Mss_003357_0159_pag-054[058],0159,train
Mss_003357_0161_pag-056[060],0161,train
Mss_003357_0162_pag-057[061],0162,train
Mss_003357_0163_pag-058[062],0163,train
Mss_003357_0176_pag-071[075],0176,train
Mss_003357_0177_pag-072[076],0177,train
Mss_003357_0178_pag-073[077],0178,train
Mss_003357_0179_pag-074[078],0179,train
Mss_003357_0180_pag-075[079],0180,train
Mss_003357_0181_pag-076[080],0181,train
Mss_003357_0182_pag-077[081],0182,train
Mss_003357_0183_pag-078[082],0183,train
Mss_003357_0184_pag-079[083],0184,train
Mss_003357_0185_pag-080[084],0185,train
Mss_003357_0186_pag-081[085],0186,train
Mss_003357_0187_pag-082[086],0187,train
Mss_003357_0188_pag-083[087],0188,train
Mss_003357_0189_pag-084[088],0189,train
Mss_003357_0190_pag-085[089],0190,train
Mss_003357_0191_pag-086[090],0191,train
Mss_003357_0192_pag-087[091],0192,train
